service@echemi.com
hi@homez.com
digital@pure-chemical.com
finuchem@hotmail.com
info@mansoorchemicals.com
info@faranpk.com
pqfactory@pqchemicals.com
chemicals@samechemicals.com
rasmus.poulsen@samechemicals.com
Sebastian@samechemicals.com
juan@samechemicals.com
rick@samechemicals.com
hello@cenikchemicals.com
info@parchem.com
sales@chemicals.comglobal
alerts@thechemco.com
sales@w2bchemicals.com
stoxdear@gmail.com
info@jkenterprises.com
info@newchemical.com
info@chemtechpk.com
inquiries@chemtechpk.com
sales@apollosdentific.co.uk
info@khanassodates.net
khi@khanassodates.net
info@texchem.com.pk
info@labchemcentre.com
laboratorychemicalcentre@gmail.com
pcc@pccchem.com.tw
admin@chemistrydocs.com
help@cas.org
suppliers@cas.org
ipservices@cas.org
vizagchemical@gmail.com
industrial@alfa-chemicals.com.co.uk
info@chemicals.comynergies.Itd
abc@xyz.com
rusers@justdial.com
info@chemicalkinetics.co
contact@acsmaterial.com
sales@silverlinechemicals.com
info@australianchemicals.comuppliers
salesfinu@hotmail.com
info@solvchem.com
askarrow@arrowcounty.com
info@echemi.com
orders@nvchemicals.com.au
Siegfried.fischer@sofw.com
uOO3einfo@parchem.com
support@chemarc.com
prea@prea.co.uk
enquiries@sigmatelford.com.au
info@sigmatelford.com.au
chemmaster6@gmail.com
contact@dutchchems.com
support@freshwaysupplies.com.au
verkauf@roteschemies.de
sales@tensens.com.au
sales@chemwaychemicals.com
sales@hygienechemicals.com.co.uk
user@domain.com
sales@greendolphin.com.au
sales@jacksonscg.co.uk
cosmic@chemicals.com
info@advandngchem.com
sales@chemstock.ae
sales@randrwholesale.com
finalgamers67@gmail.com
ecom@ases.in
echo@cntory.com
echotory@hotmail.com
info@chemjet.com
info@suzechem.com
r@reformchem.com
asedachemicals@gmail.com
sales@sneechemical.com
customerservice@sneechemical.com
sh-mayzhang@sz-huate.com
support@shoppable.ph
scmintproducts@gmail.com
info@biocel.ie
marketing@echemi.com
tccregulatory@thechemco.com
events@thechemco.com
michelle@samechemicals.com
cees-jan@samechemicals.com
wilbert@samechemicals.com
michaelw@parchem.com
u003emichaelw@parchem.com
kp@parchem.com
uOO3ekp@parchem.com
events@jam415.com
uOO3eevents@jam415.com
david@jam415.com
uOO3edavid@jam415.com
pat@parchem.com
uOO3epat@parchem.com
info@xyzchemicals.com
loraine.lombardi@safic-alcan.fr
li.xiang@drs-reach.com
press-rxsta@rxglobal.com
ata@harke.com
conference@drs-group.com
info@holiferm.com
alflombardi@shrewdd.com
ascot@ascotl.com
hr@ascotl.com
enquiries@witton.com
matt@dmi-news.com
jayson.bispham@nottingham-ac.net
info@teruk.co.uk
environmental@omex.com
uk@arpadis.com
sales@baschem.co.uk
info@oleon.com
kevin.burgess@jtechnologies.com
spedalfluids@totaienergies.com
sales@horizonspedalities.com
sales@taninternational.com
enquiries@varichem.co.uk
enquiries@sip.com
sales@higgi.co.uk
info@scafellorganics.com
sales@northridgepumps.com
sales@mirius.com
info@samplerite.com
info@oqema.co.uk
info@wilfrid-smith.co.uk
commercial@lankem.com
graeme.bragger@lubrizol.com
info@zanos.co.uk
roha.simpsons@rohagroup.com
sales@hughes-safety.com
julie.mcauley@lutz-jesco.com
chemical@gmail.com
careers@wegochem.com
apachelp@acs-i.org
china@acs-i.org
jsingh@acs-i.org
dsobe@acs-i.org
emeahelp@cas.org
cas-pr@cas.org
support@chemicalkinetics.co
futureleaders@cas.org
feedback@justdial.com
20contact@dutchchems.com
john@doe.com
orders@randrwholesale.com
ar@randrwholesale.com
ap@randrwholesale.com
vendor@randrwholesale.com
sharonf@randrwholesale.com
frank@randrwholesale.com
kristenm@randrwholesale.com
govindexel@gmail.com
asiatic-petro@cyber.net.pk
info@asiatic.com.pk
contact@mirchemicals.com
info@ittehadchemicals.com
hr@ittehadchemicals.com
marketing@ittehadchemicals.com
mansoor.khan@ittehadchemicals.com
al-hadi200@hotmail.com
info@alhadichemicals.com
sprzedaz@chemat.com.pl
info@kefo.si
info@cymitquimica.com
sales@chemtronica.se
order@brunschwig-ch.com
info@pitagen.com.tr
sales@puresdence.com.au
service@puresdence.co.nz
info@jk-sdentific.com
sales@innexsdentific.com
office@chempure.net.in
tdc@tzamal-medical.co.il
info@shigematsu-bio.com
takeda@namiki-s.co.jp
order@nacalai.com
sales@cktechnology.co.kr
spore@analisa-sdentific.com
info@ezchemtech.com
seohae-chemical@hanmail.net
daejung@daejung.kr
info@synquestlabs.com
customercare@vwr.com
pharma@alfa-chemicals.com.co.uk
personalcare@alfa-chemicals.com.co.uk
rxmarine@gmail.com
info@vizagchemical.com
nfo@vizagchemical.com
shipchandlers@vizagchemical.com
jbat5382@e.ntu.edu.sg
privacy@cas.org
chemcats@cas.org
jduser@insurance.com
intproperty@justdial.com
customerservice@justdial.com
grievanceofficer@justdial.com
tds@justdial.com
wecare@justdial.com
support@jdomni.com
jdpaydisputes@justdial.com
infringement@justdial.com
jdsodalsupport@justdial.com
approval@justdial.com
b2bdata@justdial.com
pgsupport@justdial.com
geniohelpdesk@justdial.com
movies@justdial.com
privacy@justdial.com
poisons@health.wa.gov.au
security@justdial.com
sales09@gtsilicon.com
info@safepack.com.pk
zakelijk@dutchchems.nl
20contact@dutchchems.co
soapnsave@chemistrystore.com
sales@chemicorp.co.nz
dientcare@pccarx.com
coremarketing@pccarx.com
brandon@iandbagsupply.com
info@melbournesolvent.com.au
customerservice@deanersupply.com
sales@hotelsupplydepot.com
info@hotelsupplydepot.com
demo.halothemes@gmail.com
iwhite@osceolasupply.com
sales@growerssolution.com
info@pharmananda.com
enquiries@blackbox.co.zw
info@carstenchem.co.za
username@domain.com
info@cniag.com
inquiry@orcchem.com.my
steve.refrigerantsplus@gmail.com
lee.refrigerantsplus@gmail.com
sales@sydneysolvents.com.au
sales@scchem.com
contact@jniwholesale.com
info@mihairdistribution.com
support@adamsandco.net
logistics@kraftchemical.com
info@chemicorp.co.nz
sales.support@jangro-leicester.com
nandir@darchem.co.za
info@onatechgh.com
accounts@chemicorp.co.nz
contact@wholesalecircles.com
supremepetrochemicals@gmail.com
admin@supremepetrochemicals.com
thedeverbusiness@gmail.com
info@houseofgems.com
enquiries@richbay.co.za
customerservice@pccarx.com
kspeairs@pccarx.com
kspeairs@pccarx.com
webmaster@pccarx.com
brandon@landbagsupply.com
brandon@andbagsupply.com
fracs@sial.com
calcval-vevoszolgalat@sial.com
calcval-webadmin-sapl@sial.com
calcval-eircustsupport@sial.com
calcval-isrcustserv@sial.com
calcval-serviziodienti@sial.com
calcval-sialjpcs@sial.com
calcval-sakr@sial.com
calcval-deuexport@sial.com
calcval-sam@sial.com
calcval-servidodientes@sial.com
calcval-reorder@sial.com
calcval-rsa@sial.com
calcval-ukecommerce@sial.com
sales@chemistrystore.com
inti@milliporesigma.com
uOO3eintl@milliporesigma.com
uOO3ewebhelp@sial.com
glitter@chemistrystore.com
info@melbournesolvents.com.au
sales@ambardistributors.com
info@ambardistributors.com
wsOl@nampost.com.na
wsOl@nampost.com.na
wsOl@nampost.com.na
wsOl@nampost.com.na
wsOl@nampost.com.na
wsOl@nampost.com
sOl@nampost.com.na
wsOl@nampost.com.na
wsOl@nampost.com.na
jeromeso@nampost.com.na
sOl@nampost.com.na
wsOl@nampost.com.na
doraga@nampost.com.na
rfoulkes@glwholesale.com
data-protection.eu@basf.com
poststelle@datenschutz.rip.de
info@faithbright.co.zw
info@faithbrightchemicals.com.co.zw
calcval-cservice-argentina@sial.com
calcval-benelux@sial.com
calcval-sigmabr@sial.com
calcval-webadmincn@sial.com
calcval-czeorders@sial.com
calcval-nordicorder@sial.com
calcval-fraesupport@sial.com
fridagniingo@gmail.com
wsOl@nampost.com.na
wsOl@nampost.com.na
wsOl@nampost.com.na
wsOl@nampost.com.na
wsOl@nampost.com.na
wsOl@nampost.com.na
wsO1@nampost.com.na
wsOl@nampost.com.na
wsOl@nampost.com.na
wsOl@nampost.com.na
wsOl@nampost.com.na
wsOl@nampost.com.na
wsOl@nampost.com.na
rundujwsOl@nampost.com.na
wsOl@nampost.com.na
sOl@nampost.com.na
wsOl@nampost.com.na
wsOl@nampost.com.na
wsO1@nampost.com.na
wsOl@nampost.com.na
sOl@nampost.co
wsO1@nampost.com.na
wsOl@nampost.com.na
wsOl@nampost.com.na
1williams@lannchemical.com
mrakestraw@lannchemical.com
measter@lannchemical.com
rferguson@lannchemical.com
dfoster@lannchemical.com
warehouse@lannchemical.com
tmills@lannchemical.com
info@cjpchemicals.com.co.za
ies2@ies-ingredients.com
n.poinsignon@es-ingredients.com
m.fabre@ies-ingredients.com
e.bouton@ies-ingredients.com
m.vanchinh@ies-ingredients.com
h.raffin@ies-ingredients.com
j.ledainche@ies-ingredients.com
a.baptiste@ies-ingredients.com
v.milazzo@ies-ingredients.com
a.prenant@ies-ingredients.com
s.lima@ies-ingredients.com
m.agnello@ies-ingredients.com
1.labelle@ies-ingredients.com
j.maron@ies-ingredients.com
a.louni@ies-ingredients.com
n.gagliardo@ies-ingredients.com
b.keyii@ies-ingredients.com
n.davigny@ies-ingredients.com
s.digiovanni@ies-ingredients.com
v.fanucd@ies-ingredients.com
recrutement@ies-ingredients.com
contact@ies-ingredients.com
info@pcc.net.pk
support@carsupplieswarehouse.com
jason@carsupplieswarehouse.com
mails.pratik@gmail.com
sales@worldwidejanitor.com
career@rentechdigital.com
luke@chemex.co.za
mj@chemex.co.za
deon@chemex.co.za
graham@chemex.co.za
hygiene@chemex.co.za
deonb@chemex.co.za
cj@chemex.co.za
enquiry@chemiz.my
contact@supremechem.com
customerservice@alliancechemicals.com
careers@redachem.com
jesus@opticle.com
concierge@knowde.com
admin@alliancechemicals.com.org
u003econderge@knowde.com
btc@bansaltrading.com
contact@alald.com
info@chemsavers.com
service@homesdencetools.com
sales@wholesalechemicals.com.org
info@wholesalechemicals.com.org
support@salehoo.com
plant-based@bunge.com
info@ppg.com
info@braskem.com
corporate.media@lubrizol.com
info@tngredion.com
info@nouryon.com
info@mitomaterials.com
salesmarketing@grantinc.com
info.usa@wacker.com
info@sensapure.com
info@cht.com
calsales@callisons.com
sales@gatewayfoodproducts.com
dayner.singh@solabia.com
info.americas@mocom.us
andrzej.krutul@adm.com
specialties.americas@sabic-hpp.com
kristin.carlin@agc.com
coatings@id-group.com
jeremyw@andersonglobalgroup.com
John.schmidt@knowde.com
anocete@htba.com
copyright@knowde.com
enquiries@scottbader.com
privacy@knowde.com
info@colonialchemicals.com
sales@wholesalejanitorialsupply.com
info@ravagochem.com
info@crosschemicals.com
20info@crosschemicals.com
info@worldofhygiene.com
orders@worldofhygiene.com
quotations@worldofhygiene.com
20230l@wikinam.org
info@steiner.com.na
verna.beukes@steiner.com.na
kwiconam@iafrica.com.na
north@tmpn.com
pumachem@mtcmobile.com.na
coast01@tmpn.com
wvb1@adcon.com.na
lizzard@iway.na
marlese.smit@proteachemicals.com.co.za
gmwvb@swacogroup.com
swachemrep@swacogroup.com
swachemsalesl@swacogroup.com
swachemsales3@swacogroup.com
sales@ecohygiene.org
henk@ecohygiene.org
henkvw@mweb.com.na
hsnamibia@gmail.com
thogenbatteries@iway.na
thogen@iway.na
thogen@mail.com
thogenbatteries@gmail.com
21st@mail.com
adcon@iafrica.com.na
admin7@adcon.com.na
info@elso.net
gm@lida.com.na
momar@iway.na
info@namchem.com.na
quadex.namibia@gmail.com
etiennefo@gmail.com
admin@salutetradingnam.com
salutetrading@mweb.com.na
korolienl@Stallion-namibia.com.na
swachemsales@swacogroup.com
takatu@tmpn.com
info@tmpn.com
benard@tmpn.com
sales@jdsindustries.com
sales@glwholesale.com
sales@fortunachem.com
alald@vsnl.com
jobs@bansaltrading.com
priya@bansaltrading.com
jobs@salehoo.com
cert@basf.com
patholab@servicecare.com
info@patholab.com
ms.ssaib@gmail.com
johndoe@salehoo.com
u003ems.ssaib@gmail.com
uOO3esupport@salehoo.com
incidentresponse@salehoo.com
michelle@salehoo.com
jatin@bansaltrading.com
patholab@gmail.com
bravisthemes.com@gmail.com
adobesign@adobesign.com
sakr@merckgroup.com
customersvc@milliporesigma.com
jpts@merckgroup.com
isrcustserv@merckgroup.com
dnaoligos@milliporesigma.com
recycler@milliporesigma.com
sirnaorder@merckgroup.com
oligotechserv@merckgroup.com
technical-aus@merckgroup.com
webhelp@sial.com
scott@homesdencetools.com
kyler@homesdencetools.com
mrmrwhk@iway.na
accounting@jdsindustries.com
support@jdsindustries.com
signsupply@jdsindustries.com
sublimation@jdsindustries.com
art@jdsindustries.com
2024@wikinam.org
mike@cfsenterprises.com
sales@chemicals.comolutions.com.au
customerservice@glwholesale.com
inbound@glwholesale.com
ar@glwholesale.com
invoice@glwholesale.com
outbound@glwholesale.com
ask-monomers@basf.com
Patrick.buchheit@basf.com
info@fortunachem.com
hk@fortunachem.com
export@fortunachem.com
webmaster@glwholesale.com
crestmedical@way.na
galiwax@way.na
mr247.namibia@yahoo.com
ema-organisation@osh-med.pro
mr247@way.na
esme@hospital.com.na
rma@glwholesale.com
returns@glwholesale.com
lericson@glwholesale.com
ws0l@nampost.com.na
wsO1@nampost.com
wsol@nampost.com.na
ace@chemicals.com
mohan.chemical1965@gmail.com
info@peter-lacke.com
sales@bestchemshop.com
info@ssschemical.com
info@valudor.com
sales@achemblock.com
info@ntutechnologies.com
info@sandochem.com
info@tagsol.co.za
ceo@chemical-lab.com
kyle@fourchem.co.za
admin@chemco.co.za
info@fct-chemicals.com
info.egypt@orkila.com
info@esad-egypt.com
christo@bearholdings.co.za
pharma@lunagrp.com
info@deanwayegypt.com
info@kimix.co.za
sales@kilcrest.com
casstilcom@yahoo.com
office@tyro.ro
pushptradingcompany@gmail.com
info@chemetindia.com
sales@sellachemicals.com
gk@godavarichemicals.com
info@neofinechem.com
sales@madhuchemicals.com
info@bharatsolvent.com
rubchem@ceyenar.com
thenamochem@yahoo.com
deepr@mtcc.co.in
ellechaglobal@gmail.com
info@mschemcorp.com
labline@gmail.com
info@knbiodix.com
info@absmerc.com
info@shivaenterprisesltd.in
info@dks.com
balajiaddchemicals@yahoo.co.in
thechemlion@gmail.com
info@amwerk.com
quimimport@gmail.com
info@mixolabperu.pe
sprind@sprind.com
contacto@hidroquimicacolor.com
coselsa@coselsa.com
ventas.latcor@gmail.com
sreechemicalagendes@gmail.com
harisdentfic@gmail.com
info@indenturechem.com
vijayawadachemicals@gmail.com
info@aryannchem.com
marketing@srlchem.com
cheminquiry@gmail.com
adtchemical@gmail.com
info@fff.co.in
orientaltrexim@gmail.com
atsolvochem@gmail.com
info@cosmoschemicals.com
info@saiper.com
chemsells@gmail.com
india.info@vinmar.com
admin@arrbain.com
hehungmat@gmail.com
chemical@yahoo.com.tw
sales@hemanttraders.com
asco.ho@ascoindia.org
info-jp@evonik.com
woojooind@hanmail.net
lumi-m@lumi-m.com
sales@ambeed.com
customer@chemimpex.com
mel@atmosphereglobal.com
sales@kraftchemical.com
cs@mustikdipalestari.com
kemtech@tosolnn.ru
info@kigprom.ru
management@redachem.com
orders@chemex.co.za
info@fueldenzint.com
orders@deartech.ca
sales@veseris.com
sales@chemind.com
orders@fgchem.com
cbaker@lannchemical.com
ralsup@lannchemical.com
dittle@lannchemical.com
sgaskin@lannchemical.com
jgaskin@lannchemical.com
jdwilliams@Hannchemical.com
Iwhitworth@lannchemical.com
service@aimtopusa.com
connect@brenntag.com
info@industrialsolvents.com
usa@daxxgrp.com
sales@ukamenity.co.uk
polarappliances@gmail.com
needhelp@indutri.com
enquiries@cpc-chemicals.com.co.uk
sales@duracolor.co.uk
info@anstar-ltd.com
belfast.sales@brenntag.co.uk
info@terrakemi.se
carbona@carbona.se
ulrika.dans@metallchemie.se
info@prolong.fi
webmaster@hc-steam.se
trinityrubbervapi@gmail.com
srdyechem@hotmail.com
info@marudhar.industries
scientific.vyas@gmail.com
info@kasachemicals.com
sales@biochemtreatments.com
alan@domainnamecoaching.com
mabosheresources@gmail.com
info@lubconinternabonal.com
info@theunixs.co.uk
skytechie@gmail.com
info@nqc.com.ar
info@magsrl.com.ar
contact@deborel-gbr.com
contact@nouvellepharmac.com
privacy.team.basf.corp@basf.com
secretary@mlcpakistan.com
alriazimports@hotmail.com
info@mayubbrothers.com
intersales@nexlinx.net.pk
info@vawda.com
malikbrotherchemicals@gmail.com
info@akchemicals.com.pk
business@atcchem.com
direktor@tvoj-magazin.by
himbaza.brest@mail.ru
dezmarketby@yandex.ru
mark@silicate.by
nbd@shorichemicals.com
info@paulandcompany.co.in
customercare@laballey.com
info@krchemicals.comindia.com
amar@krchemicals.comindia.com
admin@yschem.co.za
trishen@yschem.co.za
info@icoalliedindustry.com
team@rentechdigital.com
mekz@mekz-global.com
sales@comixmennigeria.com.ng
info.nigeria@azelis.com
sales@poolequipmentwholesale.co
sales@tiannam.com
finance@tiannam.com
customerservice@cdipdx.com
contactus@ewlnatural.com
orders@gulfcoastchemllc.com
mike@advantagechemicals.com
noemail@nodamin.com
hdhameliya9925@gmail.com
payments@rentechdigital.com
export@meritchemicals.com
info@polychem.uz
regal-777@yandex.ru
info@vertexchemicals.com.pk
info@steamaster.com.au
mikec@boehlechem.com
tedds@boehlechem.com
jeffh@boehlechem.com
roberti@boehlechem.com
maxwellb@boehlechem.com
mosselbaai@chemkorcs.co.za
info@eurochemsupplies.com
contact@modinteractivec.com
ccc@seven18it.com.au
sales@ccdngredients.com.au
melb@ccdngredients.com.au
sales@conchem.com.au
jasokchemicals@gmail.com
info@jasokchemicals.com
info@afco.gr
sydsales@ccdngredients.com.au
brisbane@ccdngredients.com.au
johnf@ccdngredients.com.au
perth@ccdngredients.com.au
gavin@conchem.co.nz
sydsales@conchem.com.au
brisbane@conchem.com.au
johnf@conchem.com.au
perth@conchem.com.au
info@chemicallinkme.com
labtexbangla@gmail.com
20info@afcosolutions.ro
info@afcosolutions.ro
info@afco.rs
contactus@essentiallabs.com
jimhuglin@conchem.com.au
info@tiannam.com
andrew.huglin@conchem.com.au
hr@afco.gr
ethics@ies-ingredients.com
info@chemtexltd.com
sales@advantagechemicals.com
takaskijapan@gmail.com
wholesale@takaski.com
anapbm@gmail.com
lannemail@Hannchemical.com
anzctl@gmail.com
orders4anz@gmail.com
anzchem01@gmail.com
bsm@bannerchemicals.com
sales@2m-watertreatment.com
sales@packedchlorine.com
info@deanairblue.com
export@bannerchemicals.com
sales@pigmentan.com
askus@durokimia.com.my
sales@boehlechem.com
sales@deantechsaudi.com
infonl@norkem.nl
infotr@norkem.com
infoes@norkem.com
infoit@norkem.com
infoau@norkem.com
infocn@norkem.cn
infoza@norkem.com
info@samaju-kimia.com
admin@chemkorcs.co.za
sales@acpchemicals.com
sales@eurochemsupplies.com
sale@eurochemsupplies.com
info@intichemgroup.com
david.miller@norkem.com
limpopo@mcdomanchem.co.za
factory@mcdomanchem.co.za
ptasales@mcdomanchem.co.za
info@bannerchemicals.com
info@stowlin.com
info@genomeuae.com
info@mirchemicals.com
logistics@new.tulstar.com
info@fibre-techpools.co.za
mdn@mcdomanchem.co.za
sales@tuschemy.co.za
merna@tuschemy.co.za
info@2m-holdings.com
enquiry@genomeuae.com
infouk@norkem.com
sales@steamaster.com.au
info@prchemicals.com
info@southchemtrading.co.za
info@ontariochem.com
info@humayunchemicals.com
jnelson@2m-holdings.com
solventsinfo@bannerchemicals.com
bioprint@2m-holdings.com
bgosline@westcochemicals.com
hbelda@westcochemicals.com
rsantos@westcochemicals.com
ndecock@westcochemicals.com
mailtojheinze@westcochemicals.com
jheinze@westcochemicals.com
kmatz@westcochemicals.com
dwiley@westcochemicals.com
rstoufer@westcochemicals.com
export.tt@caribchem.com
agri.tt@caribchem.com
cape@atlin.co.za
eastiondon@atlin.co.za
info@atlin.co.za
natal@atlin.co.za
admin-pe@atlin.co.za
yrachemicals@gmail.com
yrachemicals.warehouse@gmail.com
xxxxxxxx@xxxx.com
enquiry.wholesale@japancentre.com
info@horizon-chemicals.com
info@winchemme.com
gezina@mcdomanchem.co.za
nelspruit@mcdomanchem.co.za
rustenburg@mcdomanchem.co.za
info@omegachem.com.au
sales@tulstar.com
sales@new.tulstar.com
info@qualitychemja.com
info@tetikkimya.com
mark@ads-chemicals.com
billing@ads-chemicalas.com
billing@ads-chemicals.com
info@horizonchemicals.com
tarek.elkardisy@lifecheme.net
wholesale@japancentre.com
peifucun@sinocoalchem.com
wb@sinocoalchem.com
ronnie@sinocoalchem.com
info@pestcontrolchemicals.com.co.za
info@gcoman.com
sales@gcoman.com
dmagocha@gmail.com
info@tuschemy.co.za
justin@creatovision.com
akim@westcochemicals.com
jfallas@westcochemicals.com
ajauregui@westcochemicals.com
bbrannon@westcochemicals.com
natashia.govender@aedworld.com
sean.stoile@aedworld.com
pieter.snyman@aedworld.com
elliott.mukwevho@aedworld.com
marines.scott@aedworld.com
danie.strijdom@aedworld.com
romy.vlotman@aedworld.com
pierre.mans@aedworld.com
macdonald@aedworld.com
csi@aed.com
communitytrust@aedworld.com
communitytrust@aed.co.za
csi@aed.co.za
info@servochem.com
debtors@wenkem.co.za
sales@ads-chemicals.com
sales@westcochemicals.com
info@lifecheme.com
store@wholesalessupply.com.au
mail@choicechemicals.com.in
rfq@pechem.co.za
lyrachemicals@gmail.com
customerservice@omegachem.com
admin@omegachem.com.au
csi@aedworld.com
investors@aedworld.com
pensions@aedworld.com
information.office@aedworld.com
procurement@aedworld.com
recruitment@aedworld.com
she@aedworld.com
dpo@Hinkedin.com
trademarkrequest@linkedin.com
contact.info@wenkem.co.za
amir.elnaghy@kmkchemicals.com
20tfarrar@acd-chem.com
meetings@acd-chem.com
mlang@acd-chem.com
meetings@naacd-chemcd.com
mglaser@acd-chem.com
anasca@acd-chem.com
cbrooks@auditsafetyknow.com
pdowning@environmentsafety.com
david@rscompliance.com
complaints.ir@justice.gov.za
orders@chemicalplus.co.za
aedinvestorrelations@aedworld.com
zanele.salman@aedworld.com
liezel.brand@aedworld.com
rschlegel@acd-chem.com
jgibson@acd-diem.com
apuzzanghero@acd-diem.com
nbreslin@acd-diem.com
dleigh@acd-diem.com
bcallahan@acd-diem.com
tfarrar@acd-chem.com
jdonadoni@acd-diem.com
rfoley@acd-diem.com
jjenkins@acd-diem.com
cbrooks@acd-diem.com
scorson@acd-diem.com
gogletree@acd-diem.com
jgallier@acd-diem.com
asmith@acd-diem.com
sshakya@acd-chem.com
mgranber@acd-diem.com
trae@peakincentives.com
info@purechemlanka.net
mining.marketing@aedworld.com
aedwater@aedworld.com
ahcommunications@aedworld.com
planthealth@aedworld.com
schirm@schirm.com
companysecretary@aedworld.com
info@ndiscovered.com
filler@godaddy.com
info@kmkchemicals.com
sales@kmkchemicals.com
sales@shpsonsuganda.com
swilliams@acd-chem.com
info@alramachemicals.com
sales@chemicalplus.co.za
support@chemicalplus.co.za
iccommunications@aedworld.com
marketingaecifb@aedworld.com
specialtychemicals@aedworld.com
info@muchasphalt.com
sansfibers@sansfibers.com
inquiry@servochem.com
nacdteam@sevenletter.com
communications@acd-chem.com
tpierce@acd-chem.com
dthomas@acd-chem.com
daire@porthmedia.co.uk
ebyer@acd-chem.com
Ischofer@acd-chem.com
1Vienna@acd-chem.com
sales@brilliantchemicals.com.co.zw
ordersjhb@hychem.co.za
webenquiry@hychem.co.za
debtorsjhb@hychem.co.za
salesblm@hychem.co.za
salescpt@hychem.co.za
salesec@hychem.co.za
ordersgrg@hychem.co.za
saleskzn@hychem.co.za
orderspol@hychem.co.za
salesmpm@hychem.co.za
support@domain.com
info@meskchem.com
admin@k2researchchem.com
odp@obegidiem.com
info@shrinehemicals.com
sales@cfrchemicals.com
dennisbalca@gmail.com
ninfo@chemol.pl
info@chemol.pl
info@chemistacks.com
info@chemicals.com-plus.com
info@mesckchem.com
info@songrp.co.za
info@ichemghltd.com
impallari@gmail.com
team@latofonts.com
sales@xchemglobal.com
info@xchemglobal.com
soorya@shreekanchi.com
support@bonzerchemicals.comupplies
salesjhb@hychem.co.za
info@shatichemicals.com
mohan@shatichemicals.com
sales@anfalindustries.com
info@aalapetrochemicals.comtrading.com
info@nuvestgroup.com
Capetown@nuvestgroup.com
jhu@nuvestgroup.com
ichemghltd@gmail.com
sales@wiltonbradley.co.uk
gavin@topfine-chem.com
info@kapcochem.com
info@sanaachemicals.com
rya@shreekanchi.com
info@shreekanchi.com
uOO3einfo@shreekanchi.com
info@hexagulf.com
info@obegichem.com
hindbiotech@gmail.com
monosdentific@gmail.com
websupport@tdchemicals.com
ferguson@ally.com
microbim.fire@ferguson.com
munidpalsales@ferguson.com
technology.solutions@ferguson.com
meters@ferguson.com
cathy.williams@ferguson.com
hr@shrieve.com
rchevasco@shrieve.com
privacy@shrieve.com
dataprotectionfee@ico.org.uk
support@wolseleyexpress.com
wolseleyexpress@wolseleyinc.ca
privacy@wolseleyinc.ca
generalinfo@oipc.ab.ca
info@oipc.bc.ca
cai.communications@cai.gouv.qc.ca
admin@chemlexfe.com
info@hastenchemical.com
email@website.com
info@greenchemindustries.com
admin@chemsupplies.co.za
oswalsdentincstores@yahoo.co.in
sarthaksales@hotmail.com
suppliers@yahoo.com
nareshent.pilani@gmail.com
sbcbiotn@gmail.com
escl265@gmail.com
14@yahoo.co.in
evolution.lifesdences@gmail.com
harishlabvlr@yahoo.com
harishlabvlr@gmail.com
balajisdentific77@gmail.com
kavinsdentific@yahoo.co.uk
anil.kumar@tdchemicals.com
sales@osp-india.com
info@hychemlabs.com
sreejachemicals@gmail.com
indiancc2015@gmail.com
umasdentificalld@gmail.com
chemkanpur@gmail.com
vijay@inschem.com
inschem@gmail.com
navjyotisdentific@gmail.com
tradelinks@yahoo.com
parshvanath.amit@gmail.com
ambicasdentific@gmail.com
rflannery@forbes.com
info@bdl-cee.com
info@jmgs.pt
info@jmgs.pt
copyrightagent@forbes.com
office@reactivi.eu
podpora@mikro-polo.si
support@cymitquimica.com
info@geno-chem.com
info@sahinlerkimya.com
info@dichrom.com
sales@greyhoundchrom.com
office@celera-chemie.com
kuna@kuna-corporation.hr
info@bdl.cz
molar@molar.hu
sales@molar.hu
info@bdl.co.il
info@zentek.it
info@hplc.lv
sprzedaz@trimen.pl
archery@northwoodsoutiet.com
info@start-bio.com
reagentes@startbiosdence.com.br
salehk@dkmchem.com
gen-adm@tdchemicals.com
dineshkumar.b@tdchemicals.com
vizag@osp-india.com
bros4us@gmail.com
oceansdentifics@gmail.com
ankitmitra.t@tdchemicals.com
ms.friendsassodate@rediffmail.com
abchemicalsinstruments@gmail.com
grdistributors.kumar@gmail.com
grdistributors.patna@gmail.com
asif.ali@tdchemicals.com
idealchems@yahoo.co.in
govind.sharma@tdchemicals.com
jagdish.kumar@tdchemicals.com
vinaybros@gmail.com
sales@bchl.co.in
gls@globallab.in
accounts@globallab.in
sgenterprises86@yahoo.in
satish.kale@tdchemicals.com
goa@shreechemicals.compune.com
Siddharth.joshi@tdchemicals.com
dattchem@gmail.com
aum@chemicals.com
shreejalabapu@yahoo.com
epanchhi@gmail.com
sameer@shreetraders.com
globalbiotechconsultancy@gmail.com
rajcorporation@yahoo.co.in
sdentificsales@gmail.com
mittalrkl@gmail.com
vipan.thakur@tdchemicals.com
sddeep@gmail.com
chetan@japl.org
solarindcorp@yahoo.co.in
samairproduct@gmail.com
vignesh.cm@tdchemicals.com
sdentificalliedproducts@gmail.com
mktg@syneric.in
bangalore@acerasayan.com
essarkaychem@gmail.com
venuslabpdts@gmail.com
m@juniperlifesdences.com
globesdentificO5@gmail.com
msdentific@gmail.com
lalitkumar.soni@tdchemicals.com
effectiveenterprises12@gmail.com
info@sktraders.co.in
moderngwalior@yahoo.co.in
science.emporium@gmail.com
manoj.tripathi@tdchemicals.com
sales@shahentp.in
sales@japl.org
univ24@gmail.com
nareshent.pune@gmail.com
nareshent.assist@gmail.com
vinayakpune@gmail.com
sales@chemicalcentre.net
biomeditechngp@gmail.com
tech@rediffmail.com
bijdeep@gmail.com
shree.enterkop@gmail.com
gtcdia@gmail.com
himanshu@sdtechsdentifics.com
sdtechmumbai@gmail.com
info@shreechemicals.compune.com
sales@shreechemicals.compune.com
gpschemical@gmail.com
mehdgrusjnstru@yahoo.com
pattanaiksss@gmail.com
shreebalajisiliguri@gmail.com
pathak56@gmail.com
wecare@groomerschoide.com
customersupport@forbes.com
webmaster@forbes.com
privacyteam@forbes.com
privacy@forbes.com
gdpr.dpo@forbes.com
forbes@lionheartsquared.eu
u003eamurphy@forbes.com
profiles@forbes.com
forbesconnectfeedback@forbes.com
speakersubmissions@forbes.com
md51691420036198@forbes.com
akonrad@forbes.com
kcai@forbes.com
rnieva@forbes.com
rshrivastava@forbes.com
kogunrinde@forbes.com
anoriega@forbes.com
timothypierson7@gmail.com
htucker@forbes.com
sklebnikov@forbes.com
emason@forbes.com
chelman@forbes.com
bkochkodin@forbes.com
Christine.zoltok@shopify.com
dave.shea@shopify.com
griffin@shopify.com
vadim.tslaf@shopify.com
becky.kanachquade@shopify.com
darrin.henein@shopify.com
katarina.batina@shopify.com
samantha.yuan@shopify.com
maria.soares@shopify.com
maggie.fost@shopify.com
alena.iouguina@shopify.com
janice.chow@shopify.com
lenko@shopify.com
jmartin@orgill.com
kfarnsworth@orgill.com
customerservice@orgill.com
somjha@gmail.com
drg@dea.gov
unit@dea.gov
dpescheduleiresearch@dea.gov
charlotte.wells@orgill.com
environment@shopify.com
hari.sunder@gmail.com
sors@dea.gov
contact@eqs.com
deacore@dea.gov
deatox@dea.gov
odlp@dea.gov
unit@usdoj.gov
eeoboxjmd@usdoj.gov
odt.diversionhelpdesk@dea.gov
support@platts.com
Jennifer.pedrick@spglobal.com
info@platts.com
aditya.saroha@spglobal.com
cindy.yeo@spglobal.com
maya.weber@spglobal.com
meghan.gordon@platts.com
thomas.tiernan@spglobal.com
kate.winston@spglobal.com
mower@spglobal.com
jared.anderson@spglobal.com
katie.price@spglobal.com
richard.rubin@platts.com
cr@spglobal.com
privacy@spglobal.com
designs@firemtn.com
spgdlegalnotices@spglobal.com
legal@spglobal.com
sedol@londonstockexchange.com
clientservice@tm3.com
asset@spglobal.com
contracts.helpdesk@spglobal.com
pglobaldrt@spglobal.com
dpophilippines@spglobal.com
ratingsgdpr@spglobal.com
mlprivacyofficer@spglobal.com
spdjigdpr@spglobal.com
plattsgdpr@spglobal.com
info@schneider-group.com
japanprivacy@spglobal.com
data.preferences@spglobal.com
silverhammer1999@gmail.com
breindi@026430010.co.il
csquestions@firemtn.com
tangzf@mysteel.com
shihui@mysteel.com
glconsulting@mysteel.com
uOO3eglconsulting@mysteel.com
forbeslists@statista.com
listdesk@forbes.com
kpmgweb@kpmg.com
hunting@northwoodsoutiet.com
matt.hryhorsky@shopify.com
theresa.paul@shopify.com
andrea.mangini@shopify.com
nico.martinezphipps@shopify.com
collin.brink@shopify.com
joseph.kirn@shopify.com
emily.rucker@shopify.com
mccray@shopify.com
michael.whitham@shopify.com
phil.mcdelland@shopify.com
jess.erickson@shopify.com
jeff.kraemer@shopify.com
matt.coIyer@shopify.com
michael.defazio@shopify.com
jason.santamaria@shopify.com
jenna.stephenswells@shopify.com
avi.ashkenazi@shopify.com
travis.smith@shopify.com
jesse.haff@shopify.com
kevin.dark@shopify.com
elizabeth.mcguane@shopify.com
cat.groux@shopify.com
jason.huff@shopify.com
alejandra.temprana@shopify.com
tiffany.tse@shopify.com
gavin.harvey@shopify.com
madeline.fletcher@shopify.com
vlad.tutunea@shopify.com
brian.cresdmanno@shopify.com
deep.tandukar@shopify.com
victor.jeung@shopify.com
erin.ren@shopify.com
andrew.hassan@shopify.com
ershad.rahimikia@shopify.com
asaf.karpel@shopify.com
tom.coleman@shopify.com
boris.slobodin@shopify.com
prashant.khanal@shopify.com
rune.madsen@shopify.com
steven.low@shopify.com
natalie.turk@shopify.com
brackenridge@shopify.com
rlo@shopify.com
katrina.jin@shopify.com
sahand.sadi@shopify.com
scott.Siragusa@shopify.com
michael.gooding@shopify.com
yesenia.perezcruz@shopify.com
anna.inns@shopify.com
kendra.fillingham@shopify.com
Stephanie.rieger@shopify.com
emilie.verdon@shopify.com
Julio.tang@shopify.com
yael.faitelis@shopify.com
quigley@shopify.com
karim.belhadjsoulami@shopify.com
preeti.singh@shopify.com
Christine.Ie@shopify.com
samantha.santos@shopify.com
lisa.jochums@shopify.com
nicole.crooks@shopify.com
Clarissa.crane@shopify.com
melinda.brett@shopify.com
Catherine.madaszek@shopify.com
ines.delaruffie@shopify.com
luke.cassidy@shopify.com
tim.bielski@shopify.com
fabian.muessig@shopify.com
michaela.hutchins@shopify.com
daniel.acampado@shopify.com
david.jee@shopify.com
matthew.ratzloff@shopify.com
margaret.syms@shopify.com
jason.white@shopify.com
pierre.bedard@shopify.com
alexei.koulikov@shopify.com
mia.thomas@shopify.com
waseem.kaati@shopify.com
alex.temelkovski@shopify.com
hala.hlaibeih@shopify.com
jamie.armstrong@shopify.com
virag.khara@shopify.com
phi.whitham@shopify.com
gopika.purdhani@shopify.com
carmen.paz@shopify.com
ricky.ho@shopify.com
edan.dvora@shopify.com
mario.edwards@shopify.com
thomas.morse@shopify.com
kyle.rushton@shopify.com
madalina.paul@shopify.com
chris.wells@shopify.com
jory.cherief@shopify.com
valerie.raese@shopify.com
laura.troyanomirada@shopify.com
shiv.patel@shopify.com
alejandro.sanabria@shopify.com
pete.luferenko@shopify.com
Stephanie.hjartarson@shopify.com
Caroline.rioux@shopify.com
kasia.krotki@shopify.com
Christine.coIverson@shopify.com
alex.pastore@shopify.com
ken.kayama@shopify.com
mireille.riad@shopify.com
brandon.gracey@shopify.com
josh.rice@shopify.com
kirn.seabrook@shopify.com
todd.mallett@shopify.com
tod.monchecourt@shopify.com
ali.orr@shopify.com
kal.stephen@shopify.com
matthew.heffernan@shopify.com
ryan.kernus@shopify.com
erica.pang@shopify.com
curbs.thompson@shopify.com
courtney.wenneborg@shopify.com
melissa.lee@shopify.com
mila.giray@shopify.com
lisa.stewart@shopify.com
jason.cheung@shopify.com
kevin.baba@shopify.com
david.turpin@shopify.com
jeanpaul.tyo@shopify.com
boris.tai@shopify.com
matthew.fortier@shopify.com
kennan.cronen@shopify.com
jane.maguire@shopify.com
marina.alves@shopify.com
mohamed.boukaa@shopify.com
mladen.rangelov@shopify.com
sundeep.bassi@shopify.com
kimberly.guerin@shopify.com
ben.aronsten@shopify.com
courtney.craig@shopify.com
darryn.soper@shopify.com
jason.bowman@shopify.com
james.Johnson@shopify.com
kevin.macgillivray@shopify.com
avneet.sandhu@shopify.com
nimi.kular@shopify.com
irina.barbu@shopify.com
Stephanie.bader@shopify.com
stuart.portz@shopify.com
rukmani.Subramanian@shopify.com
andrew.caputo@shopify.com
franziska.jaeschke@shopify.com
hisham.khan@shopify.com
saxon@shopify.com
will.martinez@shopify.com
carla.wright@shopify.com
riley.guzman@shopify.com
jamie.Oliver@shopify.com
tim.keelan@shopify.com
zhang@shopify.com
bonnie.peterson@shopify.com
meghan.herman@shopify.com
matthew.martin@shopify.com
erik.newcomb@shopify.com
irwin.ng@shopify.com
beatrice.ellefsen@shopify.com
leah.nicholson@shopify.com
sean.canning@shopify.com
beese@shopify.com
jan.uphoff@shopify.com
kia.dalili@shopify.com
sam.loeb@shopify.com
tanner.kulbashian@shopify.com
tom.lowe@shopify.com
andrew.plassard@shopify.com
youxin.li@shopify.com
taryn.kurcz@shopify.com
Jonathan.zazove@shopify.com
darius.gai@shopify.com
ben.sehl@shopify.com
santina.farinella@shopify.com
yoko.shuso@shopify.com
mandy.bunnik@shopify.com
andre.lyver@shopify.com
alix.balevi@shopify.com
paul.gagliardi@shopify.com
chelsea.felker@shopify.com
andrew.dunbar@shopify.com
ash.Christopher@shopify.com
mustafa.ali@shopify.com
adrian.mcdonald@shopify.com
daniel.glock@shopify.com
jason.kilpela@shopify.com
teddy.schreck@shopify.com
seth.bressack@shopify.com
raymond.lee@shopify.com
brittany.makort@shopify.com
matthew.ruban@shopify.com
salim.odero@shopify.com
michael.do@shopify.com
lake@shopify.com
donna.simoneau@shopify.com
lynn.torbert@shopify.com
daniel.mccarthy@shopify.com
kyle.marshall@shopify.com
ryan.boyer@shopify.com
caitiin.martins@shopify.com
vinod.radhakrishnan@shopify.com
melissa.nached@shopify.com
emma.bukacek@shopify.com
rajpreet.bajwa@shopify.com
elijah.mcpherson@shopify.com
ashton.addington@shopify.com
aparna.Subramanian@shopify.com
amy.stiegel@shopify.com
khosrow.ebrahimpour@shopify.com
barbra.walton@shopify.com
sumedh.degaonkar@shopify.com
zac.roberts@shopify.com
aleem.haji@shopify.com
allie.speers@shopify.com
sarah.kenny@shopify.com
brian.wexler@shopify.com
yash.dang@shopify.com
talhia.pompa@shopify.com
nick.munoz@shopify.com
jo.lu@shopify.com
michael.salvati@shopify.com
hoda.eydgahi@shopify.com
helena.wang@shopify.com
brad.groff@shopify.com
steven.wu@shopify.com
mike.tamir@shopify.com
mike.brannan@shopify.com
kamal.jazar@shopify.com
jonathan.faerman@shopify.com
auggie.fisher@shopify.com
marcolivier.arsenault@shopify.com
ross.diener@shopify.com
natalia.scodino@shopify.com
jan.borchmann@shopify.com
Charles.stewart@shopify.com
kristie.ching@shopify.com
sarah.ahier@shopify.com
andrew.mcnamara@shopify.com
javier.moreno@shopify.com
kevin.mcgovern@shopify.com
delali.agbenyegah@shopify.com
phani.gudipally@shopify.com
spencer.lawrence@shopify.com
jon.hamburg@shopify.com
henrique.aveiro@shopify.com
chemical_suppliers@cas.org
industrial@alfa-chemicals.co.uk
info@chemicalsynergies.Itd
sales@hygienechemicals.co.uk
cosmic_chemicals@yahoo.co.in
enq_spore@analisa-sdentific.com
pharma@alfa-chemicals.co.uk
personalcare@alfa-chemicals.co.uk
-pelicansq_wsOl@nampost.com.na
katutura_wsOl@nampost.com.na
khomasdal_wsOl@nampost.com.na
kleinwhk_wsOl@nampost.com.na
maerua_wsOl@nampost.com.na
okuriangava_wsOl@nampost.com
pioneers_wsOl@nampost.com.na
rockycrest_wsOl@nampost.com.na
wanaheda_wsOl@nampost.com.na
info@faithbrightchemicals.co.zw
ondangwa_wsOl@nampost.com.na
opuwo_wsOl@nampost.com.na
oranjemund_wsOl@nampost.com.na
oshakati_wsOl@nampost.com.na
oshakatip_wsOl@nampost.com.na
oshakatiw_wsOl@nampost.com.na
oshikango_wsO1@nampost.com.na
oshivelo_wsOl@nampost.com.na
otavi_wsOl@nampost.com.na
otjinene_wsOl@nampost.com.na
otjiwaron_wsOl@nampost.com.na
ombalantu_wsOl@nampost.com.na
roshpinah_wsOl@nampost.com.na
stampriet_wsOl@nampost.com.na
swakop_wsOl@nampost.com.na
vineta_wsOl@nampost.com.na
walvis_wsO1@nampost.com.na
auasval_wsOl@nampost.com.na
bachbrednt_wsO1@nampost.com.na
eros_wsOl@nampost.com.na
goreangab_wsOl@nampost.com.na
info@cjpchemicals.co.za
admin@alliancechemicals.org
sales@wholesalechemicals.org
info@wholesalechemicals.org
marlese.smit@proteachemicals.co.za
sales@chemicalsolutions.com.au
merilee@greenbergenterprisegroup.com
arandis_wsOl@nampost.com.na
aranos_wsOl@nampost.com.na
ariamsvlei_wsOl@nampost.com.na
aus_ws0l@nampost.com.na
aussenkehr_wsO1@nampost.com.na
berseba_wsOl@nampost.com.na
bethanie_wsOl@nampost.com.na
dordabis_wsOl@nampost.com.na
gibeon_wsOl@nampost.com.na
gobabis_wsOl@nampost.com.na
gochas_wsOl@nampost.com.na
grootfontein_wsO1@nampost.com
hentiesb_wsOl@nampost.com.na
kalkrand_wsOl@nampost.com.na
kamanjab_wsOl@nampost.com.na
karasburg_wsOl@nampost.com.na
karibib_wsOl@nampost.com.na
keetmans_wsOl@nampost.com.na
khorixas_wsOl@nampost.com.na
koes_wsol@nampost.com.na
maltahohe_wsOl@nampost.com.na
ngweze_wsOl@nampost.com.na
noordoewer_wsOl@nampost.com
okahandja_wsOl@nampost.com.na
okakarara_wsOl@nampost.com.na
omuthiya_wsOl@nampost.com.na
onadjaba_wsOl@nampost.com.na
ace_chemicals@yahoo.com
alpha.centurion@adpolyurethanes.com
ritai_chemical@yahoo.com.tw
enquiries@cpc-chemicals.co.uk
info@akchemicals.pk
info@krchemicalsindia.com
amar@krchemicalsindia.com
classicinvestment@co.uk
info@vertexchemicals.pk
deantech-gulf@com.com
deantech-gulf@com.com
deantech-gulf@com.com
ads-chemicals@com.com
info@pestcontrolchemicals.co.za
mail@choicechemicals.in
sales@brilliantchemicals.co.zw
info_odp@obegidiem.com
info@chemicals-plus.com
info@aalapetrochemicalstrading.com
cosmic_chemicals@yahoo.co.in
sai_sdentific_suppliers@yahoo.com
jayam_14@yahoo.co.in
parshuram_tradelinks@yahoo.com
mikro-polo@si.com
goa@shreechemicalspune.com
aum_chemicals@yahoo.co.in
sales@lotus-corp.in
biomedi_tech@rediffmail.com
info@shreechemicalspune.com
sales@shreechemicalspune.com
arcos_unit@dea.gov
arcos_unit@usdoj.gov
spgi_asset@spglobal.com
ian.robertson@shopify.com
info@nationalbankcard.com
edco@edco.com
hello@pattersons.co.uk
marketing@pattersons.co.uk
sales@pool-man.com.ua
trustpilot@faktor3.de
press@trustpilot.com
info@oeko-tex.com
presse@oeko-tex.com
datenschutz@oeko-tex.com
press@oeko-tex.com
communication@oeko-tex.com
webmaster@domain.com
info@domain.com
linda.summers@brightdesigns.com
earl.bernard@orgill.com
greg.stine@orgill.com
priya.lai@shopify.com
gareth.davies@shopify.com
chris.spence@shopify.com
rob.bryson@shopify.com
soraya.dean@shopify.com
elodie.helissey@shopify.com
keegan.hasbrook@shopify.com
karan.malik@shopify.com
rony.besprozvanny@shopify.com
paul.clarke@shopify.com
vivey.wan@shopify.com
jeremy.smets@shopify.com
lauren.salzman@shopify.com
lyne.elkache@shopify.com
monica.davis@shopify.com
tim.barnes@shopify.com
danielle.waknine@shopify.com
fraser.trivett@shopify.com
Ciaran.muir@shopify.com
riya.biswas@shopify.com
diana.gates@shopify.com
colin.Sinclair@shopify.com
anaalise.castengera@shopify.com
tasha.anestopoulos@shopify.com
matthew.warshauer@shopify.com
jakub.jez@shopify.com
thomas.deberg@shopify.com
diego.ardila@shopify.com
eric.florenzano@shopify.com
ali.khanafer@shopify.com
canny.chiu@shopify.com
madeleine.Stevenson@shopify.com
brad.mumpower@shopify.com
cmd_na@vwr.com
government@vwr.com
b2b@vwr.com
dpo@avantorsdences.com
careers@hawkinsinc.com
customer.service@dev.hawkinsinc
hrd@aquapharm.net
sharma.sandeep@aquapharm.net
csr@aquapharm.net
contact@flashbay.us
jen@coolienation.com
sales@colorcopiestoday.com
print@theflyerlab.com
sales@bestcorporateevents.com
info@atacarnet.com
info@tranlanguage.com
help@jerseywatch.com
info@frtiine.com
info@incauthority.com
support@eezy.com
info@SCTum.org
info@thebash.com
info@servicecaster.com
info@evermine.com
info@nametagcountry.com
orders@senproco.com
marketing@groomerschoice.com
ericadutra21@gmail.com
sales-eu@tdchemicals.com
credit@wolseleyexpress.com
info@gravitaschemical.com
johndoe@gmail.com
stlsfred@stis.frb.org
askzeon@zeonchemicals.com
privacy@zeonchemicals.com
celeste.conklin@lubrizol.com
emurray@essentialingredients.com
support@primaltribe.com
lisa@deancommunications.biz
Singapore@chemtradeasia.com
srilanka@chemtradeasia.com
dubai@chemtradeasia.com
india@chemtradeasia.com
china@chemtradeasia.com
Vietnam@chemtradeasia.com
korea@chemtradeasia.com
thailand@chemtradeasia.com
Philippines@chemtradeasia.com
egypt@chemtradeasia.com
brazil@chemtradeasia.com
leads@chemtradeasia.com
tech@bldpharm.com
info@namiki-s-co.jp
import@shigematsu.co.jp
sales@jlchem.co.kr
incoman@appchem.co.kr
info@chemone.kr
info@chempur.de
anabela.santo@laborspirit.com
sales@molport.com
info@novustechnida.com
155info@biolla.de
randy@corecheminc.com
solutions@vwr.com
seradigmsupport@vwr.com
sales@masterflex.com
commercial.ratings@spglobal.com
market.intelligence@spglobal.com
index_services@spglobal.com
security@spglobal.com
abc@domain.com
platinum@firemtn.com
sme@platts.com
questions@firemtn.com
customer.support@ferguson.com
help@forbes.com
unlimitedaccess@forbes.com
investingcs@forbes.com
corrections@forbes.com
readers@forbes.com
permissions@forbes.com
reprints@forbes.com
pr@forbes.com
frbcustserv@cdsfulfillment.com
dlopenzina@forbes.com
security@forbes.com
todd@senproco.com
inquiries@mysteel.com
complaints@mysteel.com
wecare@groomerschoice.com
sales@groomerschoice.com
dea.registration.help@usdoj.gov
deadiversionwebmaster@dea.gov
epcs@dea.gov
csimex@dea.gov
chemical.imex@dea.gov
itds@dea.gov
medical.mission@dea.gov
natural.disaster@dea.gov
tablet-encapsulemachine@dea.gov
transshipment@dea.gov
dpe@dea.gov
bcmreports@dea.gov
nflis@dea.gov
odll@dea.gov
dpy@dea.gov
analysis@dea.gov
doc@dea.gov
mail-ordersales@dea.gov
cort@dea.gov
deaquotas@dea.gov
d.support@spglobal.com
pl_ebmr@spglobal.com
pricegroup@platts.com
tokyo@platts.com
ratings.request@spglobal.com
contact@tge.la
info@prodirectmining.com
info@wanhaarshop.com
marketing@itvisionnetworks.com
sales@matrixsolutionsinc.com
phonerunners@protonmail.com
scott@touchwindow.com
support@serversolutions.us
feedback@airoasis.com
support@mrsupply.com
custservice@photonlight.com
support@cprcallblocker.com
support@litroux.com
info@memorysuppliers.com
info@tapeonline.com
sales@plashlights.com
orders@elecdirect.com
support@boogeylights.com
customerservice@navtool.com
sales@moongliders.com
info@exitiightco.com
sales@panicexitpro.com
integrations.support@faire.com
eqs-news@eqs.com
support@spglobal.com
berkefeld.stan@aquapharm.net
hogan.colin@aquapharm.net
berendsen.m@aquapharm.net
sanchez.daniel@aquapharm.net
alien.terry@aquapharm.net
otero.luis@aquapharm.net
demartine.peter@aquapharm.net
demartine.peter@aquapharm.ne
customer.service@hawkinsinc.com
oasisfinechem1@yahoo.in
sales@essencechem.com
sxd@yghuatai.com
dyc@yghuatai.com
chenchems1@protonmail.com
support@trustpilot.com
info@fenzol.com
